Arc Time,Arc Component,Chamber Pressure Delta,Column Pressure Delta
2024-06-26 13:56:55,B2 Bias,7.899999999999985e-09,1.1900000000000083e-11
2024-06-27 17:42:32,B2 Bias,1.6900000000000026e-08,1.509999999999998e-11
2024-06-14 16:39:46,B2 Extractor,9.30000000000001e-09,3.6889999999999994e-10
2024-06-14 22:51:35,B2 Extractor,1.6999999999999954e-09,1.2599999999999936e-11
2024-06-15 03:36:46,B2 Extractor,1.900000000000037e-09,1.639999999999986e-11
2024-06-16 20:54:55,B2 Extractor,5.299999999999975e-09,1.4800000000000094e-11
2024-06-17 00:14:29,B2 Extractor,2.699999999999991e-09,1.5399999999999967e-11
2024-06-17 22:06:23,B2 Extractor,1.9999999999999914e-09,1.2199999999999917e-11
2024-06-18 01:36:54,B2 Extractor,3.569999999999998e-08,2.1869999999999988e-10
2024-06-19 00:19:29,B2 Extractor,1.600000000000001e-08,1.0780000000000008e-10
2024-06-19 01:14:54,B2 Extractor,2.5000000000000025e-09,6.3999999999999986e-12
2024-06-22 04:03:19,B2 Extractor,2.999999999999987e-09,1.9299999999999975e-11
2024-06-23 06:34:54,B2 Extractor,1.69e-08,1.8846e-09
2024-06-23 06:35:06,B2 Extractor,1.4279999999999996e-07,2.73289e-08
2024-06-23 06:35:31,B2 Extractor,1.0600000000000002e-08,1.3148999999999999e-09
2024-06-23 07:06:12,B2 Extractor,2.57e-08,1.0608e-09
2024-06-24 09:41:33,B2 Extractor,5.299999999999975e-09,1.98999999999999e-11
2024-06-25 08:42:00,B2 Extractor,2.399999999999995e-09,1.0099999999999996e-11
2024-06-25 09:33:40,B2 Extractor,1.9999999999999914e-09,1.479999999999999e-11
2024-06-25 20:14:46,B2 Extractor,4.000000000000009e-09,1.8399999999999957e-11
2024-06-26 10:25:02,B2 Extractor,2.6000000000000365e-09,1.0400000000000036e-11
2024-06-26 13:56:55,B2 Extractor,7.899999999999985e-09,1.1900000000000083e-11
2024-06-26 20:51:36,B2 Extractor,6.299999999999997e-09,1.6900000000000117e-11
2024-06-14 16:39:46,B2 Gun Lens,9.30000000000001e-09,3.6889999999999994e-10
2024-06-14 22:51:35,B2 Gun Lens,1.6999999999999954e-09,1.2599999999999936e-11
2024-06-16 20:54:54,B2 Gun Lens,5.299999999999975e-09,1.3500000000000005e-11
2024-06-17 00:14:28,B2 Gun Lens,2.699999999999991e-09,1.5399999999999967e-11
2024-06-17 07:03:28,B2 Gun Lens,6.3e-08,9.924600000000001e-09
2024-06-17 22:06:22,B2 Gun Lens,1.9999999999999914e-09,1.2199999999999917e-11
2024-06-18 01:36:53,B2 Gun Lens,3.569999999999998e-08,2.1869999999999988e-10
2024-06-19 00:19:28,B2 Gun Lens,1.600000000000001e-08,1.0780000000000008e-10
2024-06-19 04:40:42,B2 Gun Lens,6.599999999999993e-09,1.7400000000000064e-11
2024-06-19 12:30:15,B2 Gun Lens,5.100000000000039e-09,1.0399999999999985e-11
2024-06-22 10:34:06,B2 Gun Lens,2.60000000000001e-09,1.669999999999985e-11
2024-06-23 06:35:31,B2 Gun Lens,1.0600000000000002e-08,1.3148999999999999e-09
2024-06-24 09:41:32,B2 Gun Lens,5.299999999999975e-09,1.98999999999999e-11
2024-06-25 08:41:59,B2 Gun Lens,2.3999999999999686e-09,1.0099999999999996e-11
2024-06-26 20:51:36,B2 Gun Lens,6.299999999999997e-09,1.6900000000000117e-11
2024-06-14 16:39:46,B2 Suppressor,9.30000000000001e-09,3.6889999999999994e-10
2024-06-14 22:51:35,B2 Suppressor,1.6999999999999954e-09,1.2599999999999936e-11
2024-06-15 03:36:46,B2 Suppressor,1.900000000000037e-09,1.639999999999986e-11
2024-06-17 00:14:29,B2 Suppressor,2.699999999999991e-09,1.5399999999999967e-11
2024-06-17 22:06:23,B2 Suppressor,1.9999999999999914e-09,1.2199999999999917e-11
2024-06-18 01:36:54,B2 Suppressor,3.569999999999998e-08,2.1869999999999988e-10
2024-06-19 00:19:29,B2 Suppressor,1.600000000000001e-08,1.0780000000000008e-10
2024-06-19 01:14:54,B2 Suppressor,2.5000000000000025e-09,6.3999999999999986e-12
2024-06-23 06:34:55,B2 Suppressor,1.69e-08,1.8846e-09
2024-06-23 06:35:06,B2 Suppressor,1.4279999999999996e-07,2.73289e-08
2024-06-24 09:41:33,B2 Suppressor,5.299999999999975e-09,1.98999999999999e-11
2024-06-25 08:42:00,B2 Suppressor,2.399999999999995e-09,1.0099999999999996e-11
2024-06-25 09:33:40,B2 Suppressor,1.9999999999999914e-09,1.479999999999999e-11
2024-06-26 10:25:02,B2 Suppressor,2.6000000000000365e-09,1.0400000000000036e-11
2024-06-26 20:51:35,B2 Suppressor,6.299999999999997e-09,1.6900000000000117e-11
2024-06-23 06:35:31,B3 Bias,1.0600000000000002e-08,1.3148999999999999e-09
2024-06-26 02:53:58,B3 Bias,5.899999999999993e-09,3.199999999999999e-11
2024-06-27 05:12:21,B3 Bias,1.3999999999999993e-09,1.5700000000000008e-11
2024-06-15 09:17:32,B3 Extractor,1.9999999999998856e-10,5.049999999999998e-11
2024-06-19 00:36:50,B3 Extractor,2.6999999999999646e-09,1.2500000000000009e-11
2024-06-23 06:34:54,B3 Extractor,1.69e-08,1.8846e-09
2024-06-23 06:35:05,B3 Extractor,1.4279999999999996e-07,2.73289e-08
2024-06-23 06:35:31,B3 Extractor,1.0600000000000002e-08,1.3148999999999999e-09
2024-06-23 07:06:13,B3 Extractor,2.57e-08,1.0608e-09
2024-06-27 05:12:21,B3 Extractor,1.3999999999999993e-09,1.5700000000000008e-11
2024-06-19 04:40:42,B3 Gun Lens,6.599999999999993e-09,1.7400000000000064e-11
2024-06-19 12:30:16,B3 Gun Lens,5.100000000000039e-09,1.0399999999999985e-11
2024-06-23 06:35:31,B3 Gun Lens,1.0600000000000002e-08,1.3148999999999999e-09
2024-06-27 13:37:49,B3 Gun Lens,3.5999999999999793e-09,1.509999999999998e-11
2024-06-19 04:40:42,B3 Main Lens,6.599999999999993e-09,1.7400000000000064e-11
2024-06-23 07:06:12,B3 Suppressor,2.57e-08,1.0608e-09
2024-06-27 05:12:22,B3 Suppressor,1.6000000000000143e-09,1.5700000000000008e-11
2024-06-15 19:52:18,B4 Bias,3.899999999999975e-09,1.3699999999999963e-11
2024-06-16 04:06:36,B4 Bias,6.100000000000008e-09,1.6099999999999975e-11
2024-06-17 19:17:32,B4 Bias,6.000000000000027e-09,1.479999999999999e-11
2024-06-19 00:44:24,B4 Bias,2.699999999999991e-09,1.0700000000000077e-11
2024-06-19 14:27:47,B4 Bias,1.0400000000000014e-08,1.6499999999999995e-11
2024-06-20 19:42:25,B4 Bias,4.7000000000000355e-09,9.699999999999977e-12
2024-06-21 15:34:51,B4 Bias,2.499999999999976e-09,2.019999999999989e-11
2024-06-22 18:50:11,B4 Bias,4.739999999999999e-08,3.8902e-09
2024-06-23 06:34:54,B4 Bias,1.69e-08,1.8846e-09
2024-06-23 06:35:05,B4 Bias,1.4279999999999996e-07,2.73289e-08
2024-06-23 06:35:31,B4 Bias,1.0600000000000002e-08,1.3148999999999999e-09
2024-06-23 07:06:12,B4 Bias,2.57e-08,1.0608e-09
2024-06-23 14:07:49,B4 Bias,2.2999999999999875e-09,1.1399999999999981e-11
2024-06-24 03:59:35,B4 Bias,3.2999999999999832e-09,1.6699999999999953e-11
2024-06-24 08:10:02,B4 Bias,2.7000000000000176e-09,1.7000000000000045e-11
2024-06-24 13:46:43,B4 Bias,1.8000000000000294e-09,1.5999999999999945e-11
2024-06-24 15:24:10,B4 Bias,3.099999999999968e-09,1.1099999999999993e-11
2024-06-26 18:15:38,B4 Bias,1.2999999999999918e-09,1.9499999999999984e-11
2024-06-26 23:57:41,B4 Bias,1.6999999999999954e-09,1.580000000000009e-11
2024-06-27 03:00:57,B4 Bias,3.099999999999968e-09,1.4100000000000034e-11
2024-06-27 08:41:09,B4 Bias,3.2999999999999568e-09,1.2699999999999966e-11
2024-06-27 16:38:49,B4 Bias,1.6900000000000026e-08,1.509999999999998e-11
2024-06-15 09:17:32,B4 Extractor,1.9999999999998856e-10,5.049999999999998e-11
2024-06-17 13:29:35,B4 Extractor,3.6000000000000058e-09,9.400000000000092e-12
2024-06-19 00:36:50,B4 Extractor,2.6999999999999646e-09,1.2500000000000009e-11
2024-06-25 08:34:18,B4 Extractor,1.8000000000000029e-09,9.500000000000019e-12
2024-06-27 05:36:35,B4 Extractor,2.699999999999991e-09,5.200000000000044e-12
2024-06-15 03:36:46,B4 Gun Lens,1.900000000000037e-09,1.639999999999986e-11
2024-06-15 09:17:31,B4 Gun Lens,0.0,5.049999999999998e-11
2024-06-15 11:26:41,B4 Gun Lens,2.2000000000000065e-09,8.59999999999995e-12
2024-06-16 09:24:38,B4 Gun Lens,4.1999999999999714e-09,2.379999999999996e-11
2024-06-17 00:14:29,B4 Gun Lens,2.699999999999991e-09,1.5399999999999967e-11
2024-06-19 00:36:50,B4 Gun Lens,2.6999999999999646e-09,1.2500000000000009e-11
2024-06-19 04:40:42,B4 Gun Lens,6.599999999999993e-09,1.7400000000000064e-11
2024-06-19 12:30:15,B4 Gun Lens,5.100000000000039e-09,1.0399999999999985e-11
2024-06-22 18:50:10,B4 Gun Lens,4.739999999999999e-08,3.8902e-09
2024-06-23 06:34:54,B4 Gun Lens,1.69e-08,1.8846e-09
2024-06-23 06:35:06,B4 Gun Lens,1.4279999999999996e-07,2.73289e-08
2024-06-23 06:35:31,B4 Gun Lens,1.0600000000000002e-08,1.3148999999999999e-09
2024-06-23 07:06:12,B4 Gun Lens,2.57e-08,1.0608e-09
2024-06-27 00:37:19,B4 Gun Lens,2.75e-08,4.510000000000003e-11
2024-06-27 05:12:22,B4 Gun Lens,1.6000000000000143e-09,1.5700000000000008e-11
2024-06-27 13:37:49,B4 Gun Lens,3.5999999999999793e-09,1.509999999999998e-11
2024-06-17 13:29:35,B4 Suppressor,3.6000000000000058e-09,9.400000000000092e-12
2024-06-25 08:34:18,B4 Suppressor,1.8000000000000029e-09,9.500000000000019e-12
2024-06-27 05:36:34,B4 Suppressor,2.699999999999991e-09,5.200000000000044e-12
2024-06-14 16:39:46,C2 Bias,9.30000000000001e-09,3.6889999999999994e-10
2024-06-16 15:26:06,C2 Bias,4.3300000000000024e-08,7.150000000000001e-11
2024-06-17 07:03:28,C2 Bias,6.3e-08,9.924600000000001e-09
2024-06-18 01:36:54,C2 Bias,3.569999999999998e-08,2.1869999999999988e-10
2024-06-19 00:19:28,C2 Bias,1.600000000000001e-08,1.0780000000000008e-10
2024-06-17 08:50:49,C2 Extractor,3.699999999999987e-09,1.500000000000005e-11
2024-06-17 22:06:23,C2 Extractor,1.9999999999999914e-09,1.2199999999999917e-11
2024-06-18 11:09:52,C2 Extractor,3.799999999999994e-09,1.4200000000000013e-11
2024-06-18 12:15:03,C2 Extractor,9.000000000000147e-10,1.7200000000000003e-11
2024-06-19 00:19:29,C2 Extractor,1.600000000000001e-08,1.0780000000000008e-10
2024-06-23 09:10:22,C2 Extractor,3.4999999999999983e-09,1.2399999999999978e-11
2024-06-27 00:45:13,C2 Extractor,2.900000000000006e-09,1.1000000000000065e-11
2024-06-14 16:39:46,C2 Gun Lens,9.30000000000001e-09,3.6889999999999994e-10
2024-06-17 07:03:29,C2 Gun Lens,6.3e-08,9.924600000000001e-09
2024-06-17 07:03:31,C2 Gun Lens,6.3e-08,9.924600000000001e-09
2024-06-17 08:50:49,C2 Gun Lens,3.699999999999987e-09,1.500000000000005e-11
2024-06-18 01:36:54,C2 Gun Lens,3.569999999999998e-08,2.1869999999999988e-10
2024-06-18 11:09:51,C2 Gun Lens,3.799999999999994e-09,1.3500000000000005e-11
2024-06-19 00:19:28,C2 Main Lens,1.600000000000001e-08,1.0780000000000008e-10
2024-06-19 00:19:29,C2 Suppressor,1.600000000000001e-08,1.0780000000000008e-10
2024-06-15 03:46:03,C3 Beam Blanker,4.09999999999999e-09,4.4000000000000055e-12
2024-06-14 12:25:12,C3 Bias,3.6000000000000058e-09,7.600000000000056e-12
2024-06-14 17:36:28,C3 Bias,4.100000000000017e-09,8.100000000000003e-12
2024-06-15 21:26:17,C3 Bias,2.699999999999991e-09,1.4099999999999879e-11
2024-06-16 12:00:35,C3 Bias,2.300000000000014e-09,1.159999999999994e-11
2024-06-16 14:43:56,C3 Bias,1.6000000000000143e-09,1.1700000000000073e-11
2024-06-17 07:03:29,C3 Bias,6.3e-08,9.924600000000001e-09
2024-06-17 14:14:55,C3 Bias,3.1999999999999757e-09,9.499999999999915e-12
2024-06-18 01:22:20,C3 Bias,3.5000000000000247e-09,2.4499999999999967e-11
2024-06-19 00:16:54,C3 Bias,2.5999999999999836e-09,6.3999999999999986e-12
2024-06-19 08:45:19,C3 Bias,2.7999999999999986e-09,1.169999999999997e-11
2024-06-21 12:35:14,C3 Bias,2.900000000000006e-09,1.2800000000000049e-11
2024-06-21 18:51:25,C3 Bias,3.2000000000000287e-09,6.899999999999997e-12
2024-06-22 11:12:48,C3 Bias,2.9000000000000326e-09,7.500000000000026e-12
2024-06-24 02:32:56,C3 Bias,2.7999999999999986e-09,8.500000000000022e-12
2024-06-24 03:58:32,C3 Bias,2.8999999999999796e-09,9.60000000000005e-12
2024-06-24 21:25:24,C3 Bias,4.000000000000009e-09,1.9000000000000038e-11
2024-06-25 00:14:20,C3 Bias,2.60000000000001e-09,1.3300000000000047e-11
2024-06-25 21:45:10,C3 Bias,2.799999999999972e-09,2.100000000000003e-11
2024-06-26 07:35:24,C3 Bias,7.4000000000000266e-09,2.0300000000000023e-11
2024-06-26 18:52:32,C3 Bias,1.2100000000000009e-08,1.0774e-09
2024-06-14 06:18:55,C3 Extractor,2.8999999999999796e-09,1.6599999999999922e-11
2024-06-14 16:39:46,C3 Extractor,9.30000000000001e-09,3.6889999999999994e-10
2024-06-15 09:42:36,C3 Extractor,2.5000000000000025e-09,1.5499999999999895e-11
2024-06-15 14:05:13,C3 Extractor,4.09999999999999e-09,2.1499999999999977e-11
2024-06-15 21:26:17,C3 Extractor,2.699999999999991e-09,1.4099999999999879e-11
2024-06-16 00:44:31,C3 Extractor,2.399999999999995e-09,2.239999999999984e-11
2024-06-17 03:44:45,C3 Extractor,5.299999999999948e-09,1.9900000000000107e-11
2024-06-17 07:03:29,C3 Extractor,6.3e-08,9.924600000000001e-09
2024-06-18 01:22:19,C3 Extractor,3.5000000000000247e-09,2.4499999999999967e-11
2024-06-18 01:36:53,C3 Extractor,3.569999999999998e-08,2.1869999999999988e-10
2024-06-18 12:15:03,C3 Extractor,9.000000000000147e-10,1.7200000000000003e-11
2024-06-19 00:16:54,C3 Extractor,2.5999999999999836e-09,6.3999999999999986e-12
2024-06-19 00:19:28,C3 Extractor,1.600000000000001e-08,1.0780000000000008e-10
2024-06-23 00:40:27,C3 Extractor,2.5000000000000025e-09,1.800000000000004e-11
2024-06-23 09:10:22,C3 Extractor,3.4999999999999983e-09,1.2399999999999978e-11
2024-06-25 21:45:10,C3 Extractor,2.799999999999972e-09,2.100000000000003e-11
2024-06-27 00:45:13,C3 Extractor,2.900000000000006e-09,1.1000000000000065e-11
2024-06-14 03:39:38,C3 Gun Lens,2.2999999999999875e-09,1.5599999999999925e-11
2024-06-14 06:18:55,C3 Gun Lens,2.8999999999999796e-09,1.6599999999999922e-11
2024-06-14 09:42:04,C3 Gun Lens,4.299999999999979e-09,1.4999999999999948e-11
2024-06-14 16:39:46,C3 Gun Lens,9.30000000000001e-09,3.6889999999999994e-10
2024-06-15 03:46:03,C3 Gun Lens,4.09999999999999e-09,4.4000000000000055e-12
2024-06-15 09:42:36,C3 Gun Lens,2.5000000000000025e-09,1.5499999999999895e-11
2024-06-16 00:44:32,C3 Gun Lens,2.899999999999953e-09,2.239999999999984e-11
2024-06-16 15:00:45,C3 Gun Lens,4.3999999999999865e-09,1.119999999999992e-11
2024-06-16 18:59:02,C3 Gun Lens,3.3999999999999643e-09,1.4200000000000013e-11
2024-06-16 21:09:33,C3 Gun Lens,2.7000000000000176e-09,6.500000000000029e-12
2024-06-17 03:37:34,C3 Gun Lens,2.800000000000025e-09,1.6900000000000117e-11
2024-06-17 03:44:44,C3 Gun Lens,5.299999999999948e-09,1.9900000000000107e-11
2024-06-17 07:03:28,C3 Gun Lens,6.3e-08,9.924600000000001e-09
2024-06-17 16:45:08,C3 Gun Lens,2.1099999999999997e-08,2.1997e-09
2024-06-17 19:00:19,C3 Gun Lens,2.2000000000000065e-09,1.379999999999989e-11
2024-06-18 01:22:19,C3 Gun Lens,3.5000000000000247e-09,2.4499999999999967e-11
2024-06-18 01:36:54,C3 Gun Lens,3.569999999999998e-08,2.1869999999999988e-10
2024-06-18 12:15:03,C3 Gun Lens,9.000000000000147e-10,1.7200000000000003e-11
2024-06-19 00:19:28,C3 Gun Lens,1.600000000000001e-08,1.0780000000000008e-10
2024-06-19 15:06:38,C3 Gun Lens,3.799999999999994e-09,9.900000000000038e-12
2024-06-20 10:39:45,C3 Gun Lens,9.999999999999957e-10,1.5499999999999998e-11
2024-06-22 02:43:58,C3 Gun Lens,1.5900000000000003e-08,1.8699999999999946e-11
2024-06-23 00:40:27,C3 Gun Lens,2.5000000000000025e-09,1.800000000000004e-11
2024-06-23 08:28:36,C3 Gun Lens,1.6999999999999954e-09,1.809999999999997e-11
2024-06-23 09:10:22,C3 Gun Lens,3.4999999999999983e-09,1.2399999999999978e-11
2024-06-25 18:08:03,C3 Gun Lens,3.799999999999994e-09,9.300000000000061e-12
2024-06-26 04:24:38,C3 Gun Lens,3.200000000000002e-09,1.6200000000000006e-11
2024-06-26 08:20:45,C3 Gun Lens,1.5999999999999879e-09,5.400000000000002e-12
2024-06-26 08:28:12,C3 Gun Lens,4.7000000000000355e-09,1.479999999999999e-11
2024-06-27 00:45:14,C3 Gun Lens,2.900000000000006e-09,1.0600000000000046e-11
2024-06-15 03:46:04,C3 Main Lens,4.09999999999999e-09,8.59999999999995e-12
2024-06-16 09:24:38,C4 Bias,4.1999999999999714e-09,2.379999999999996e-11
2024-06-17 11:39:29,C4 Bias,4.6000000000000015e-09,1.739999999999996e-11
2024-06-18 20:40:23,C4 Bias,1.260000000000002e-08,2.886e-10
2024-06-20 14:49:20,C4 Bias,2.0600000000000012e-08,2.613e-10
2024-06-15 01:34:16,C4 Extractor,3.200000000000002e-09,1.7799999999999876e-11
2024-06-15 04:13:41,C4 Extractor,3.4000000000000172e-09,1.82e-11
2024-06-15 04:36:32,C4 Extractor,3.4000000000000172e-09,5.999999999999876e-12
2024-06-15 09:17:31,C4 Extractor,0.0,5.049999999999998e-11
2024-06-15 09:43:53,C4 Extractor,2.2000000000000065e-09,6.200000000000041e-12
2024-06-15 20:55:06,C4 Extractor,2.7999999999999986e-09,4.199999999999944e-12
2024-06-16 00:55:15,C4 Extractor,4.000000000000036e-09,1.8399999999999957e-11
2024-06-16 09:24:38,C4 Extractor,4.1999999999999714e-09,2.379999999999996e-11
2024-06-17 10:51:55,C4 Extractor,3.7000000000000133e-09,1.2199999999999917e-11
2024-06-17 11:39:29,C4 Extractor,4.6000000000000015e-09,1.739999999999996e-11
2024-06-17 18:07:41,C4 Extractor,3.100000000000021e-09,2.0199999999999992e-11
2024-06-18 20:40:23,C4 Extractor,1.260000000000002e-08,2.886e-10
2024-06-19 00:36:50,C4 Extractor,2.6999999999999646e-09,1.2500000000000009e-11
2024-06-19 05:11:00,C4 Extractor,3.200000000000002e-09,1.220000000000002e-11
2024-06-19 15:12:50,C4 Extractor,7.2000000000000115e-09,2.09e-11
2024-06-20 11:49:15,C4 Extractor,3.3999999999999907e-09,2.1200000000000092e-11
2024-06-20 14:49:20,C4 Extractor,2.0600000000000012e-08,2.613e-10
2024-06-22 03:36:43,C4 Extractor,2.7999999999999986e-09,1.509999999999998e-11
2024-06-23 06:35:06,C4 Extractor,1.4279999999999996e-07,2.73289e-08
2024-06-23 06:35:31,C4 Extractor,1.0600000000000002e-08,1.3148999999999999e-09
2024-06-23 07:06:12,C4 Extractor,2.57e-08,1.0608e-09
2024-06-23 14:07:49,C4 Extractor,2.2999999999999875e-09,1.1399999999999981e-11
2024-06-24 13:11:39,C4 Extractor,8.500000000000003e-09,1.6399999999999964e-11
2024-06-15 01:34:15,C4 Gun Lens,3.200000000000002e-09,1.7799999999999876e-11
2024-06-15 04:13:41,C4 Gun Lens,3.4000000000000172e-09,1.82e-11
2024-06-16 09:24:37,C4 Gun Lens,4.1999999999999714e-09,2.379999999999996e-11
2024-06-17 10:51:55,C4 Gun Lens,3.7000000000000133e-09,1.2199999999999917e-11
2024-06-18 04:56:38,C4 Gun Lens,2.60000000000001e-09,1.159999999999994e-11
2024-06-18 20:40:23,C4 Gun Lens,1.260000000000002e-08,2.886e-10
2024-06-19 05:10:59,C4 Gun Lens,3.200000000000002e-09,1.3799999999999994e-11
2024-06-19 15:12:50,C4 Gun Lens,7.2000000000000115e-09,2.09e-11
2024-06-20 11:49:16,C4 Gun Lens,3.3999999999999907e-09,2.1200000000000092e-11
2024-06-20 14:49:21,C4 Gun Lens,2.0600000000000012e-08,2.613e-10
2024-06-22 03:36:44,C4 Gun Lens,2.7999999999999986e-09,1.509999999999998e-11
2024-06-23 06:35:31,C4 Gun Lens,1.0600000000000002e-08,1.3148999999999999e-09
2024-06-24 13:11:39,C4 Gun Lens,8.500000000000003e-09,1.6399999999999964e-11
2024-06-15 04:36:31,C4 Suppressor,2.8999999999999796e-09,5.999999999999876e-12
2024-06-15 09:43:53,C4 Suppressor,2.2000000000000065e-09,6.200000000000041e-12
2024-06-15 20:55:06,C4 Suppressor,2.7999999999999986e-09,4.199999999999944e-12
2024-06-16 00:55:15,C4 Suppressor,4.000000000000036e-09,1.8399999999999957e-11
2024-06-16 09:24:37,C4 Suppressor,4.1999999999999714e-09,2.379999999999996e-11
2024-06-17 10:51:55,C4 Suppressor,3.7000000000000133e-09,1.2199999999999917e-11
2024-06-17 11:39:29,C4 Suppressor,4.6000000000000015e-09,1.739999999999996e-11
2024-06-17 18:07:41,C4 Suppressor,3.100000000000021e-09,2.0199999999999992e-11
2024-06-18 20:40:23,C4 Suppressor,1.260000000000002e-08,2.886e-10
2024-06-19 05:11:00,C4 Suppressor,3.200000000000002e-09,1.220000000000002e-11
2024-06-20 11:49:15,C4 Suppressor,3.3999999999999907e-09,2.1200000000000092e-11
2024-06-20 14:49:20,C4 Suppressor,2.0600000000000012e-08,2.613e-10
2024-06-23 06:35:32,C4 Suppressor,1.0600000000000002e-08,1.3148999999999999e-09
2024-06-17 16:45:08,D2 Bias,2.1099999999999997e-08,2.1997e-09
2024-06-25 01:44:56,D2 Bias,2.7000000000000176e-09,1.80208e-08
2024-06-26 18:52:32,D2 Bias,1.2100000000000009e-08,1.0774e-09
2024-06-14 16:39:45,D2 Extractor,9.30000000000001e-09,3.6889999999999994e-10
2024-06-15 22:46:34,D2 Extractor,6.400000000000004e-09,3.999999999999986e-12
2024-06-17 07:03:28,D2 Extractor,6.3e-08,9.924600000000001e-09
2024-06-18 01:36:54,D2 Extractor,3.569999999999998e-08,2.1869999999999988e-10
2024-06-25 21:45:10,D2 Extractor,2.799999999999972e-09,2.100000000000003e-11
2024-06-25 22:40:53,D2 Extractor,3.099999999999968e-09,6.699999999999987e-12
2024-06-14 03:39:37,D2 Gun Lens,2.2999999999999875e-09,1.5599999999999925e-11
2024-06-14 09:42:05,D2 Gun Lens,4.299999999999979e-09,1.4999999999999948e-11
2024-06-14 16:39:46,D2 Gun Lens,9.30000000000001e-09,3.6889999999999994e-10
2024-06-15 09:42:36,D2 Gun Lens,2.5000000000000025e-09,1.5499999999999895e-11
2024-06-15 14:05:12,D2 Gun Lens,4.09999999999999e-09,2.1499999999999977e-11
2024-06-16 00:44:32,D2 Gun Lens,2.899999999999953e-09,2.239999999999984e-11
2024-06-16 21:09:32,D2 Gun Lens,2.7000000000000176e-09,6.500000000000029e-12
2024-06-17 03:37:34,D2 Gun Lens,2.800000000000025e-09,1.6900000000000117e-11
2024-06-17 03:44:44,D2 Gun Lens,5.299999999999948e-09,1.9900000000000107e-11
2024-06-17 07:03:28,D2 Gun Lens,6.3e-08,9.924600000000001e-09
2024-06-17 16:45:07,D2 Gun Lens,2.1099999999999997e-08,2.1997e-09
2024-06-17 22:06:23,D2 Gun Lens,1.9999999999999914e-09,1.2199999999999917e-11
2024-06-18 01:22:19,D2 Gun Lens,3.5000000000000247e-09,2.4499999999999967e-11
2024-06-18 01:36:54,D2 Gun Lens,3.569999999999998e-08,2.1869999999999988e-10
2024-06-18 10:52:22,D2 Gun Lens,4.09999999999999e-09,1.230000000000005e-11
2024-06-18 12:15:03,D2 Gun Lens,9.000000000000147e-10,1.7200000000000003e-11
2024-06-19 00:19:28,D2 Gun Lens,1.600000000000001e-08,1.0780000000000008e-10
2024-06-19 09:02:00,D2 Gun Lens,2.3999999999999686e-09,6.399999999999895e-12
2024-06-23 00:40:27,D2 Gun Lens,2.5000000000000025e-09,1.800000000000004e-11
2024-06-23 09:10:22,D2 Gun Lens,3.4999999999999983e-09,1.2399999999999978e-11
2024-06-24 06:07:52,D2 Gun Lens,3.0999999999999947e-09,1.6399999999999964e-11
2024-06-25 01:44:56,D2 Gun Lens,2.7000000000000176e-09,1.80208e-08
2024-06-25 18:08:04,D2 Gun Lens,3.799999999999994e-09,9.20000000000003e-12
2024-06-25 21:45:10,D2 Gun Lens,2.799999999999972e-09,2.100000000000003e-11
2024-06-26 08:28:11,D2 Gun Lens,4.7000000000000355e-09,1.1500000000000115e-11
2024-06-27 00:45:14,D2 Gun Lens,2.900000000000006e-09,1.0600000000000046e-11
2024-06-27 01:19:58,D2 Gun Lens,4.700000000000009e-09,1.4099999999999982e-11
2024-06-14 03:39:38,D2 Suppressor,2.2999999999999875e-09,1.5599999999999925e-11
2024-06-14 06:18:55,D2 Suppressor,2.8999999999999796e-09,1.6599999999999922e-11
2024-06-14 16:39:46,D2 Suppressor,9.30000000000001e-09,3.6889999999999994e-10
2024-06-15 09:42:37,D2 Suppressor,2.5000000000000025e-09,1.5499999999999895e-11
2024-06-15 14:05:13,D2 Suppressor,4.09999999999999e-09,2.1499999999999977e-11
2024-06-15 22:46:34,D2 Suppressor,6.400000000000004e-09,3.999999999999986e-12
2024-06-16 18:59:03,D2 Suppressor,3.3999999999999643e-09,1.4200000000000013e-11
2024-06-17 03:37:34,D2 Suppressor,2.800000000000025e-09,1.6900000000000117e-11
2024-06-17 03:44:44,D2 Suppressor,5.299999999999948e-09,1.9900000000000107e-11
2024-06-17 07:03:28,D2 Suppressor,6.3e-08,9.924600000000001e-09
2024-06-17 16:45:08,D2 Suppressor,2.1099999999999997e-08,2.1997e-09
2024-06-17 19:00:19,D2 Suppressor,2.2000000000000065e-09,1.379999999999989e-11
2024-06-18 01:22:19,D2 Suppressor,3.5000000000000247e-09,2.4499999999999967e-11
2024-06-18 01:36:54,D2 Suppressor,3.569999999999998e-08,2.1869999999999988e-10
2024-06-18 12:15:03,D2 Suppressor,9.000000000000147e-10,1.7200000000000003e-11
2024-06-19 00:19:29,D2 Suppressor,1.600000000000001e-08,1.0780000000000008e-10
2024-06-19 15:06:38,D2 Suppressor,3.799999999999994e-09,9.900000000000038e-12
2024-06-20 10:39:46,D2 Suppressor,2.399999999999995e-09,1.5499999999999998e-11
2024-06-23 00:40:27,D2 Suppressor,2.5000000000000025e-09,1.800000000000004e-11
2024-06-23 08:28:37,D2 Suppressor,1.6999999999999954e-09,1.809999999999997e-11
2024-06-23 09:10:22,D2 Suppressor,3.4999999999999983e-09,1.2399999999999978e-11
2024-06-25 18:08:03,D2 Suppressor,3.799999999999994e-09,9.300000000000061e-12
2024-06-25 21:45:10,D2 Suppressor,2.799999999999972e-09,2.100000000000003e-11
2024-06-25 22:40:53,D2 Suppressor,3.099999999999968e-09,6.699999999999987e-12
2024-06-27 00:45:13,D2 Suppressor,2.900000000000006e-09,1.1000000000000065e-11
2024-06-27 13:32:09,D2 Suppressor,3.2999999999999832e-09,1.780000000000003e-11
2024-06-15 04:13:42,D3 Bias,3.4000000000000172e-09,1.82e-11
2024-06-15 04:13:42,D3 Extractor,3.4000000000000172e-09,1.82e-11
2024-06-15 09:42:37,D3 Extractor,2.5000000000000025e-09,1.5499999999999895e-11
2024-06-16 00:55:16,D3 Extractor,4.000000000000036e-09,1.8399999999999957e-11
2024-06-16 21:09:33,D3 Extractor,2.7000000000000176e-09,6.500000000000029e-12
2024-06-17 07:03:28,D3 Extractor,6.3e-08,9.924600000000001e-09
2024-06-18 12:15:03,D3 Extractor,9.000000000000147e-10,1.7200000000000003e-11
2024-06-19 00:36:51,D3 Extractor,2.6999999999999646e-09,1.2500000000000009e-11
2024-06-19 05:10:59,D3 Extractor,3.200000000000002e-09,1.3799999999999994e-11
2024-06-22 03:36:43,D3 Extractor,2.7999999999999986e-09,1.509999999999998e-11
2024-06-23 00:40:27,D3 Extractor,2.5000000000000025e-09,1.800000000000004e-11
2024-06-25 18:08:03,D3 Extractor,3.799999999999994e-09,9.300000000000061e-12
2024-06-26 04:24:37,D3 Extractor,3.200000000000002e-09,1.6200000000000006e-11
2024-06-26 08:28:11,D3 Extractor,4.7000000000000355e-09,1.1500000000000115e-11
2024-06-27 00:45:14,D3 Extractor,2.900000000000006e-09,1.0600000000000046e-11
2024-06-15 04:13:41,D4 Bias,3.4000000000000172e-09,1.82e-11
2024-06-16 00:55:15,D4 Bias,4.000000000000036e-09,1.8399999999999957e-11
2024-06-17 18:07:42,D4 Bias,3.799999999999968e-09,2.0199999999999992e-11
2024-06-19 05:10:59,D4 Bias,3.200000000000002e-09,1.3799999999999994e-11
2024-06-22 03:36:43,D4 Bias,2.7999999999999986e-09,1.509999999999998e-11
2024-06-27 17:44:13,D4 Bias,7.0999999999999775e-09,3.400000000000009e-12
2024-06-14 07:09:57,D4 Extractor,2.399999999999995e-09,6.300000000000071e-12
2024-06-15 04:13:41,D4 Extractor,3.4000000000000172e-09,1.82e-11
2024-06-18 15:16:38,D4 Extractor,1.8000000000000029e-09,3.6000000000000703e-12
2024-06-15 04:13:42,D4 Gun Lens,3.4000000000000172e-09,1.82e-11
2024-06-16 00:55:15,D4 Gun Lens,4.000000000000036e-09,1.8399999999999957e-11
2024-06-19 05:11:00,D4 Gun Lens,3.200000000000002e-09,1.220000000000002e-11
2024-06-22 03:36:43,D4 Gun Lens,2.7999999999999986e-09,1.509999999999998e-11
2024-06-14 07:09:57,D4 Suppressor,2.399999999999995e-09,6.300000000000071e-12
2024-06-18 15:16:38,D4 Suppressor,1.8000000000000029e-09,3.6000000000000703e-12
